{"cameraMode":{"drawMode":0,"name":"Shaded","section":"Shading Mode"},"sceneLighting":true,"audioPlay":false,"sceneViewState":{"showFog":false,"showMaterialUpdate":false,"showSkybox":false,"showFlares":false,"showImageEffects":false,"showParticleSystems":true},"in2DMode":false,"pivot":{"x":0.39033591747283938,"y":0.39329081773757937,"z":-2.713253974914551},"rotation":{"x":0.00042165961349382997,"y":-0.9798033833503723,"z":0.1999523639678955,"w":0.0020643353927880527},"size":12.638591766357422,"orthographic":false}